-- MySQL dump 10.16  Distrib 10.1.38-MariaDB, for debian-linux-gnu (x86_64)
--
-- Host: localhost    Database: blog_db
-- ------------------------------------------------------
-- Server version	10.1.38-MariaDB-0ubuntu0.18.04.1

/*!40101 SET @OLD_CHARACTER_SET_CLIENT=@@CHARACTER_SET_CLIENT */;
/*!40101 SET @OLD_CHARACTER_SET_RESULTS=@@CHARACTER_SET_RESULTS */;
/*!40101 SET @OLD_COLLATION_CONNECTION=@@COLLATION_CONNECTION */;
/*!40101 SET NAMES utf8mb4 */;
/*!40103 SET @OLD_TIME_ZONE=@@TIME_ZONE */;
/*!40103 SET TIME_ZONE='+00:00' */;
/*!40014 SET @OLD_UNIQUE_CHECKS=@@UNIQUE_CHECKS, UNIQUE_CHECKS=0 */;
/*!40014 SET @OLD_FOREIGN_KEY_CHECKS=@@FOREIGN_KEY_CHECKS, FOREIGN_KEY_CHECKS=0 */;
/*!40101 SET @OLD_SQL_MODE=@@SQL_MODE, SQL_MODE='NO_AUTO_VALUE_ON_ZERO' */;
/*!40111 SET @OLD_SQL_NOTES=@@SQL_NOTES, SQL_NOTES=0 */;

--
-- Table structure for table `article`
--

DROP TABLE IF EXISTS `article`;
/*!40101 SET @saved_cs_client     = @@character_set_client */;
/*!40101 SET character_set_client = utf8 */;
CREATE TABLE `article` (
  `id` mediumint(9) NOT NULL AUTO_INCREMENT,
  `title` varchar(255) DEFAULT NULL COMMENT 'название статьи',
  `small_text` varchar(255) DEFAULT NULL COMMENT 'краткое содержание статьи',
  `full_text` text COMMENT 'полный текст статьи',
  `date_create` date DEFAULT NULL COMMENT 'дата создания',
  `date-time_create` datetime DEFAULT NULL COMMENT 'дата время создания',
  `is_active` tinyint(4) DEFAULT NULL COMMENT 'сатья активна-1 нет-0 ',
  `date-time_update` datetime DEFAULT NULL COMMENT 'дата время обновления статьи',
  `author` varchar(100) DEFAULT NULL COMMENT 'автор статьи',
  `image` varchar(255) DEFAULT NULL COMMENT 'путь к картинке и ее имя\n',
  `visit` mediumint(9) DEFAULT '0',
  `voted` mediumint(9) DEFAULT '0',
  `score` mediumint(9) DEFAULT '0',
  `rating` double DEFAULT '0',
  PRIMARY KEY (`id`)
) ENGINE=InnoDB AUTO_INCREMENT=82 DEFAULT CHARSET=utf8 COMMENT='статьи блога';
/*!40101 SET character_set_client = @saved_cs_client */;

--
-- Dumping data for table `article`
--

LOCK TABLES `article` WRITE;
/*!40000 ALTER TABLE `article` DISABLE KEYS */;
INSERT INTO `article` VALUES (1,'Репродукция','Талантливый учёный-биолог теряет в автокатастрофе свою семью. Одержимый желанием вернуть к жизни жену и детей, он преступает законы научной этики и самой природы.','Год:\r\n2018\r\n\r\nСтрана:\r\nСША\r\n\r\nЖанр:\r\nфантастика, триллер\r\n\r\nПеревод:\r\nДублированный [Лицензия]\r\n\r\nКачество:\r\nBDRip\r\n\r\nВремя:\r\n107 мин. / 01:47\r\n\r\nВозраст:\r\n16+\r\n\r\nСюжет:\r\nТалантливый учёный-биолог теряет в автокатастрофе свою семью. Одержимый желанием вернуть к жизни жену и детей, он преступает законы научной этики и самой природы.\r\n\r\nПродюсер:\r\nЛоренцо Ди Бонавентура, Стивен Хэймел, Киану Ривз\r\nРежиссер:\r\nДжеффри Начманофф\r\nСценарист:\r\nЧад Ст. Джон, Стивен Хэймел\r\nОператор:\r\nЧекко Варезе\r\nКомпозитор:\r\nМарк Килиан, Пепе Ойеда\r\nЗрители:\r\nРепродукция  559.7 тыс\r\nБюджет:\r\n$30 000 000','2018-01-01','2019-01-25 11:17:27',1,'2019-02-19 23:22:43','Sky_Fox','1-main-thumbs_001.jpeg',6,0,0,0),(2,'Ярди','Главный герой, родом с Ямайки, никак не может смириться со смертью старшего брата, которого убили 10 лет назад. Он едет в Лондон...','Год:\r\n2018\r\n\r\nСтрана:\r\nВеликобритания\r\n\r\nЖанр:\r\nкриминал\r\n\r\nПеревод:\r\nПрофессиональный (многоголосный)\r\n\r\nКачество:\r\nBDRip\r\n\r\nВремя:\r\n101 мин. / 01:41\r\n\r\nСюжет:\r\nГлавный герой, родом с Ямайки, никак не может смириться со смертью старшего брата, которого убили 10 лет назад. Он едет в Лондон, где сходится с бывшей возлюбленной и впервые знакомится с дочкой. Когда герой решает начать новую жизнь, покончив с грязным бизнесом, судьба сталкивает его с убийцей брата, и тогда он вступает на путь мести, рискуя потерять всё, что ему дорого.\r\n\r\nПродюсер:\r\nДжина Картер, Робин Гатч, Лайла Эванс\r\nРежиссер:\r\nИдрис Эльба\r\nСценарист:\r\nБрок Норман Брок, Мартин Стеллмен, Victor Headley\r\nОператор:\r\nДжон Сонрой\r\nКомпозитор:\r\nДикон Хинчлифф','2018-02-01','2019-01-26 01:17:27',1,'2019-02-19 23:22:05','Max','2-main-thumbs_002.jpeg',13,1,2,2),(3,'Звезда родилась','Кантри-музыкант Джексон Мейн, чья карьера быстро катится под откос, однажды знакомится с никому не известной талантливой певицей Элли. Между героями вспыхивает страстный роман. Джек помогает Элли добиться успеха...','Год:\r\n2018\r\n\r\nСтрана:\r\nСША\r\n\r\nЖанр:\r\nмелодрама, музыка\r\n\r\nПеревод:\r\nДублированный [Лицензия]\r\n\r\nКачество:\r\nBDRip\r\n\r\nВремя:\r\n136 мин. / 02:16\r\n\r\nВозраст:\r\n16+\r\n\r\nСюжет:\r\nКантри-музыкант Джексон Мейн, чья карьера быстро катится под откос, однажды знакомится с никому не известной талантливой певицей Элли. Между героями вспыхивает страстный роман. Джек помогает Элли добиться успеха. Но чем стремительнее набирает обороты музыкальная карьера Элли, тем сложнее ему мириться со своей увядающей славой.\r\n\r\nВ главных ролях:\r\nПродюсер:\r\nБрэдли Купер, Боб Дорманн, Билл Гербер\r\nРежиссер:\r\nБрэдли Купер\r\nСценарист:\r\nЭрик Рот, Брэдли Купер, Уилл Феттерс\r\nОператор:\r\nМэттью Либатик\r\nЗрители:\r\nЗвезда родилась  640.7 тыс\r\nБюджет:\r\n$36 000 000\r\nСборы в мире:\r\n+ $155 700 000 = $342 024 868\r\n','2018-01-03','2019-01-25 21:27:27',1,'2019-02-19 23:16:59','Гоша','3-main-thumbs_003.jpeg',0,0,0,0),(4,'Бенджи','Новоорлеанские школьники Картер и Фрэнки заводят дружбу с уличным псом по имени Бенджи. Когда ребят похищают грабители, лишь лохматый помощник может их спасти.','Год:\r\n2018\r\n\r\nСтрана:\r\nОАЭ, США\r\n\r\nЖанр:\r\nдрама, криминал, семейный\r\n\r\nПеревод:\r\nПрофессиональный (многоголосный)\r\n\r\nКачество:\r\nBDRip\r\n\r\nВремя:\r\n87 мин. / 01:27\r\n\r\nСюжет:\r\nНовоорлеанские школьники Картер и Фрэнки заводят дружбу с уличным псом по имени Бенджи. Когда ребят похищают грабители, лишь лохматый помощник может их спасти.\r\n\r\nПродюсер:\r\nДжейсон Блум, Марсеи А. Браун, Брэндон Кэмп\r\nРежиссер:\r\nБрэндон Кэмп\r\nСценарист:\r\nБрэндон Кэмп, Джо Кэмп\r\nОператор:\r\nТомас Скотт Стэнтон\r\nКомпозитор:\r\nКонстантинос Кристидес','2018-11-03','2019-01-05 01:07:27',1,'2019-02-19 23:20:21','Люда','4-main-thumbs_004.jpeg',3,1,4,4),(5,'Апокалипсис зомби','Отряд из восьми солдат спецназа получает самоубийственное задание: вызволить важного учёного из города, где правят зомби.','Год:\r\n2018\r\n\r\nСтрана:\r\nВеликобритания\r\n\r\nЖанр:\r\nфантастика, боевик, триллер\r\n\r\nПеревод:\r\nПрофессиональный (многоголосный)\r\n\r\nКачество:\r\nWEBRip\r\n\r\nВремя:\r\n115 мин. / 01:55\r\n\r\nСюжет:\r\nОтряд из восьми солдат спецназа получает самоубийственное задание: вызволить важного учёного из города, где правят зомби.\r\n\r\nПродюсер:\r\nЧи Кеонг Чанг, Ioanna Karavela, Марк Стрэйндж\r\nРежиссер:\r\nЧи Кеонг Чанг\r\nСценарист:\r\nЧи Кеонг Чанг, Steve Horvath, Марк Стрэйндж\r\nОператор:\r\nLorenzo Levrini\r\nКомпозитор:\r\nЙен Эрбер\r\n','2018-01-13','2019-01-05 01:10:27',1,'2019-02-19 23:23:06','Оля','5-main-thumbs_005.jpeg',2,0,0,0),(6,'Договор','Дочь Моники, Клара, внезапно впадает в кому. Врачи не в состоянии объяснить причину критического состояния девушки и дают самые неутешительные прогнозы...','Год:\r\n2018\r\n\r\nСтрана:\r\nИспания\r\n\r\nЖанр:\r\nужасы, триллер\r\n\r\nПеревод:\r\nПрофессиональный (многоголосный)\r\n\r\nКачество:\r\nBDRip\r\n\r\nВремя:\r\n106 мин. / 01:46\r\n\r\nСюжет:\r\nДочь Моники, Клара, внезапно впадает в кому. Врачи не в состоянии объяснить причину критического состояния девушки и дают самые неутешительные прогнозы. Сходящая с ума от боли и отчаяния Моника готова на все, чтобы вернуть любимую дочь из небытия, — даже на сделку со сверхъестественными силами, которая грозит самыми ужасными последствиями.\r\n\r\nПродюсер:\r\nРикардо Марко Буде, Хорди Гасуль, Эдмон Рош\r\nРежиссер:\r\nДэвид Виктори\r\nСценарист:\r\nХорди Вальехо, Дэвид Виктори\r\nОператор:\r\nElías M. Félix\r\nКомпозитор:\r\nМикель Колл','2018-01-23','2019-01-15 03:17:27',1,'2019-02-19 23:21:49','Дима','6-main-thumbs_006.jpeg',14,1,1,1),(8,'Голая Нормандия','Чтобы выйти из кризиса и добиться справедливости, мэр глухой французской деревушки уговаривает ее жителей посниматься голыми для американского фотографа...','Год:\r\n2018\r\n\r\nСтрана:\r\nФранция\r\n\r\nЖанр:\r\nдрама, комедия\r\n\r\nПеревод:\r\nПрофессиональный (многоголосный)\r\n\r\nКачество:\r\nBDRip\r\n\r\nВремя:\r\n105 мин. / 01:45\r\n\r\nСюжет:\r\nЧтобы выйти из кризиса и добиться справедливости, мэр глухой французской деревушки уговаривает ее жителей посниматься голыми для американского фотографа.\r\n\r\nПродюсер:\r\nЭнн-Доминик Туссэн, Паскаль Юделевич, François Mallet\r\nРежиссер:\r\nФилипп Ле Гюэ\r\nСценарист:\r\nФилипп Ле Гюэ, Виктория Бедос, Оливье Даза\r\nОператор:\r\nЖан-Клод Ларьё\r\nКомпозитор:\r\nБруно Куле','2018-12-03','2019-01-07 01:17:27',1,'2019-02-19 23:21:05','Zulus','8-main-thumbs_007.jpeg',2,0,0,0),(27,'Воссоединение в Рождество','Испытывая творческий кризис, писатель Саманта отправляется в дом своей покойной бабушки на Рождество вместе со своим парнем...','Год:\r\n2018\r\n\r\nСтрана:\r\nСША\r\n\r\nЖанр:\r\nдрама, мелодрама\r\n\r\nПеревод:\r\nПрофессиональный (многоголосный)\r\n\r\nКачество:\r\nBDRip\r\n\r\nСюжет:\r\nИспытывая творческий кризис, писатель Саманта отправляется в дом своей покойной бабушки на Рождество вместе со своим парнем. Воссоединение семьи и мудрые слова её бабушки открывают настоящее значение Рождества именно тогда, когда Саманта так нуждается в поддержке и вдохновении.\r\n\r\nПродюсер:\r\nCharles Cooper, Харви Кан, Джен Деде\r\nРежиссер:\r\nСтивен Р. Монро\r\nСценарист:\r\nДэвид Голден, Марси Холлэнд\r\nОператор:\r\nАдам Сливиньский\r\nКомпозитор:\r\nБрюс Фокстон','2019-01-24','2019-01-08 12:17:27',NULL,'2019-02-19 23:19:51','Smpl','27-main-thumbs_008.jpeg',2,1,5,5),(35,'Американский дебошир\r\nBrawler','Все слышали о фильме \"Рокки\", но мало кто знает, что у его главного героя есть реальный прототип - Чак Уэпнер, обычный боксер из Байонны, штат Нью-Джерси, который обрел минуту славы благодаря бою с Мухаммедом Али....','Год:\r\n2019\r\n\r\nСтрана:\r\nСША\r\n\r\nЖанр:\r\nдрама, мелодрама, криминал, биография, история, спорт\r\n\r\nПеревод:\r\nПрофессиональный (многоголосный)\r\n\r\nКачество:\r\nWEBRip\r\n\r\nВремя:\r\n95 мин. / 01:35\r\n\r\nСюжет: \r\nВсе слышали о фильме \"Рокки\", но мало кто знает, что у его главного героя есть реальный прототип - Чак Уэпнер, обычный боксер из Байонны, штат Нью-Джерси, который обрел минуту славы благодаря бою с Мухаммедом Али. Несмотря на то, что сам Сильвестр Сталлоне после выхода фильма неоднократно признавал Чака источником вдохновения для \"Рокки\", Уэпнер не обрел ни славы, ни богатства. Сможет ли американский дебошир отстоять права и постоять за себя в зале суда так же, как на боксерском ринге?\r\n\r\nПродюсер:\r\nМэри Л. Алоэ, Артур Л. Бернштейн, Адам Фалькоф\r\nРежиссер:\r\nКен Кушнер\r\nСценарист:\r\nКен Кушнер, Robert Dibella\r\nОператор:\r\nПржемыслав Реут\r\nКомпозитор:\r\nEros Cartechini','2019-01-25','2019-01-25 01:17:27',NULL,'2019-02-19 23:32:39','Sky_Fox','35-main-thumbs_009.jpeg',41,7,29,4.14),(49,'Пазл','У Агнес всегда был талант к собиранию пазлов. Однажды она решает сбежать из уютного и тихого пригорода и отправиться в Нью-Йорк, откуда вместе с новым партнером планирует попасть в Атлантик-Сити, где проходит чемпионат по пазлам...','Год:\r\n2018\r\n\r\nСтрана:\r\nСША\r\n\r\nЖанр:\r\nдрама\r\n\r\nПеревод:\r\nПрофессиональный (многоголосный)\r\n\r\nКачество:\r\nBDRip\r\n\r\nВремя:\r\n103 мин. / 01:43\r\n\r\nСюжет:\r\nУ Агнес всегда был талант к собиранию пазлов. Однажды она решает сбежать из уютного и тихого пригорода и отправиться в Нью-Йорк, откуда вместе с новым партнером планирует попасть в Атлантик-Сити, где проходит чемпионат по пазлам. Новообретенная независимость помогает ей увидеть свою жизнь в новом свете.\r\n\r\nПродюсер:\r\nРен Артур, Стив Бушеми, Джошуа М. Коэн\r\nРежиссер:\r\nМарк Тёртлтауб\r\nСценарист:\r\nPolly Mann, Орен Муверман, Наталия Смирнофф\r\nОператор:\r\nКрис Норр\r\nКомпозитор:\r\nДастин О’Хэллоран','2019-02-02','2019-02-02 11:22:36',NULL,'2019-02-19 23:18:25','admin gggg','49-main-thumbs_010.jpeg',0,0,0,0),(54,'Попытка','Фермер-отшельник находит секретный журнал своего покойного отца, который содержит планы машины, выробатывающей магнитное электричество. Подобное оборудование может изменить весь мир...','Год:\r\n2018\r\n\r\nСтрана:\r\nСША\r\n\r\nЖанр:\r\nфантастика, драма, семейный\r\n\r\nПеревод:\r\nПрофессиональный (многоголосный)\r\n\r\nКачество:\r\nWEBRip\r\n\r\nВремя:\r\n97 мин. / 01:37\r\n\r\nСюжет:\r\nФермер-отшельник находит секретный журнал своего покойного отца, который содержит планы машины, выробатывающей магнитное электричество. Подобное оборудование может изменить весь мир. Однако герой неожиданно становится опекуном своего одаренного 6-летнего племянника после кончины матери.\r\n\r\nПродюсер:\r\nКлейн Кроуфорд, Кристиан Кэйн, Tom Bhramayana\r\nРежиссер:\r\nСонни Марлер\r\nСценарист:\r\nStephen T. Hoover, Кимберли Джейд Томпкинс, Tom Bhramayana\r\nОператор:\r\nРайан\r\nКомпозитор:\r\nSteven Albert Kennedy','2019-02-06','2019-02-06 20:45:34',NULL,'2019-02-19 23:19:14','admin','54-main-thumbs_0180.jpeg',2,0,0,0),(58,'Веном','Что если в один прекрасный день в тебя вселяется существо-симбиот, которое наделяет тебя сверхчеловеческими способностями? Вот только Веном — симбиот совсем недобрый, и договориться с ним невозможно. Хотя нужно ли договариваться?..','Год:\r\n2018\r\n\r\nСтрана:\r\nСША\r\n\r\nЖанр:\r\nужасы, фантастика, боевик, триллер\r\n\r\nПеревод:\r\nДублированный [Лицензия]\r\n\r\nКачество:\r\nBDRip\r\n\r\nВремя:\r\n112 мин. / 01:52\r\n\r\nВозраст:\r\n16+\r\n\r\nСюжет:\r\nЧто если в один прекрасный день в тебя вселяется существо-симбиот, которое наделяет тебя сверхчеловеческими способностями? Вот только Веном — симбиот совсем недобрый, и договориться с ним невозможно. Хотя нужно ли договариваться?.. Ведь в какой-то момент ты понимаешь, что быть плохим вовсе не так уж и плохо. Так даже веселее. В мире и так слишком много супергероев! Мы — Веном!\r\n\r\nПродюсер:\r\nАви Арад, Эми Паскаль, Стэн Ли\r\nРежиссер:\r\nРубен Фляйшер\r\nСценарист:\r\nСкотт Розенберг, Джефф Пинкнер, Келли Марсел\r\nОператор:\r\nМэттью Либатик\r\nКомпозитор:\r\nЛюдвиг Йоранссон\r\nБюджет:\r\n$100 000 000\r\n','2019-02-10','2019-02-10 19:18:32',NULL,'2019-02-19 23:24:46','admin','58-main-thumbs_059.jpeg',9,11,52,4.73),(59,'Помешанный на времени','Бросила девушка? Неужели уже ничего нельзя изменить? Можно! Студент-физик изобретает машину времени и отправляется в недалекое прошлое, чтобы исправить ошибки.','Год:\r\n2018\r\n\r\nСтрана:\r\nСША\r\n\r\nЖанр:\r\nфантастика, драма, мелодрама, комедия\r\n\r\nПеревод:\r\nДублированный [Лицензия]\r\n\r\nКачество:\r\nBDRip\r\n\r\nВремя:\r\n104 мин. / 01:44\r\n\r\nВозраст:\r\n16+\r\n\r\nСюжет:\r\nБросила девушка? Неужели уже ничего нельзя изменить? Можно! Студент-физик изобретает машину времени и отправляется в недалекое прошлое, чтобы исправить ошибки. В результате фатального сбоя главным действующим лицом этой любовной истории становится его лучший друг. С кем же останется девушка?\r\n\r\nПродюсер:\r\nРэймонд Мэнсфилд, Мэттью А. Родс, Джастин Бёрш\r\nРежиссер:\r\nЭндрю Боулер\r\nСценарист:\r\nЭндрю Боулер\r\nОператор:\r\nЛюк Гейссбухлер\r\nКомпозитор:\r\nЭндрю Локингтон\r\nЗрители:\r\nПомешанный на времени  7.3 тыс','2019-02-10','2019-02-10 19:19:26',NULL,'2019-02-19 23:31:50','admin','59-main-thumbs_0156.jpeg',15,2,7,3.5),(60,'Мешок без дна','История происходит во время правления русского императора Александра II. Фрейлина княжеского дворца рассказывает князю сказку, которая происходит в XIII веке и повествует о мистическом убийстве царевича в лесу. ','Год:\r\n2017\r\n\r\nСтрана:\r\nРоссия\r\n\r\nЖанр:\r\nдрама\r\n\r\nПеревод:\r\nОригинал [Лицензия]\r\n\r\nКачество:\r\nSATRip\r\n\r\nВремя:\r\n104 мин. / 01:44\r\n\r\nВозраст:\r\n12+\r\n\r\nСюжет:\r\nИстория происходит во время правления русского императора Александра II. Фрейлина княжеского дворца рассказывает князю сказку, которая происходит в XIII веке и повествует о мистическом убийстве царевича в лесу. Участники истории, свидетели этого преступления, рассказывают разные версии происшествия, которые отличаются от того, что произошло на самом деле.\r\n\r\n','2019-02-10','2019-02-10 19:23:47',NULL,'2019-02-19 23:31:10','admin','60-main-thumbs_0132.jpeg',1,0,0,0),(61,'Аквамен','Действие фильма разворачивается в необъятном и захватывающем подводном мире семи морей, а сюжет знакомит зрителей с историей происхождения получеловека-полуатланта Артура Карри и ключевыми событиями его жизни...','Год:\r\n2018\r\n\r\nСтрана:\r\nАвстралия, США\r\n\r\nЖанр:\r\nфантастика, фэнтези, боевик, приключения\r\n\r\nПеревод:\r\nДублированный [Чистый звук]\r\n\r\nКачество:\r\nWEBRip\r\n\r\nВремя:\r\n143 мин. / 02:23\r\n\r\nВозраст:\r\n12+\r\n\r\nСюжет:\r\nДействие фильма разворачивается в необъятном и захватывающем подводном мире семи морей, а сюжет знакомит зрителей с историей происхождения получеловека-полуатланта Артура Карри и ключевыми событиями его жизни — теми, что заставят его не только столкнуться с самим собой, но и выяснить, достоин ли он быть тем, кем ему суждено... царем!\r\n\r\nПродюсер:\r\nХадиджа Алами, Джон Берг, Роб Кауэн\r\nРежиссер:\r\nДжеймс Ван\r\nСценарист:\r\nУилл Билл, Дэвид Лесли Джонсон, Морт Вейзингер\r\nОператор:\r\nДон Бёрджесс\r\nКомпозитор:\r\nРуперт Грегсон-Уильямс\r\nБюджет:\r\n$160 000 000\r\nСборы в мире:\r\n$261 300 000\r\n','2019-02-10','2019-02-10 19:35:51',NULL,'2019-02-19 23:29:13','admin','61-main-thumbs_066.jpeg',0,0,0,0),(62,'Явление','Средние века. В монастыре обнаружено тело монаха, умершего ужасной смертью, поэтому церковное руководство посылает инквизитора Матео расследовать этот случай. Местные уверены, что это дело рук ведьмы...','Год:\r\n2018\r\n\r\nСтрана:\r\nСША\r\n\r\nЖанр:\r\nужасы, триллер\r\n\r\nПеревод:\r\nПрофессиональный (многоголосный)\r\n\r\nКачество:\r\nBDRip\r\n\r\nВремя:\r\n111 мин. / 01:51\r\n\r\nСюжет:\r\nСредние века. В монастыре обнаружено тело монаха, умершего ужасной смертью, поэтому церковное руководство посылает инквизитора Матео расследовать этот случай. Местные уверены, что это дело рук ведьмы, но Матео склонен доверять логике и сухим фактам. Вскоре инквизитор убедится, что происходящим вокруг него событиям невозможно дать рациональное объяснение, и испытает на собственной шкуре дьявольские козни зла, поселившегося в монастыре.\r\n\r\nПродюсер:\r\nДженнифер Киркхэм, Джейсон Фоллер, Кайнен Гриффин\r\nРежиссер:\r\nКурт Найт\r\nСценарист:\r\nКурт Найт\r\nОператор:\r\nБенжамин Оллред\r\nКомпозитор:\r\nКристофер Дусе','2019-02-10','2019-02-10 19:38:12',NULL,'2019-02-19 23:30:17','admin','62-main-thumbs_0143.jpeg',0,0,0,0),(63,'Уничтожение','Группа безрассудных отпрысков миллиардеров проводит время в специальном лагере, расположенном на отдалённом острове. Их родители надеются, что за время пребывания здесь герои научатся нести ответственность за свою жизнь...','Год:\r\n2017\r\n\r\nСтрана:\r\nВеликобритания\r\n\r\nЖанр:\r\nбоевик\r\n\r\nПеревод:\r\nПрофессиональный (многоголосный)\r\n\r\nКачество:\r\nWEBRip\r\n\r\nСюжет:\r\nГруппа безрассудных отпрысков миллиардеров проводит время в специальном лагере, расположенном на отдалённом острове. Их родители надеются, что за время пребывания здесь герои научатся нести ответственность за свою жизнь. На территорию острова прибывает команда вооружённых злоумышленников, которые рассчитывают взять потомков мировой элиты в заложники, а затем получить за них миллиард долларов в качестве выкупа. Чтобы попытаться противостоять расчётливым похитителям, молодые люди должны использовать основные навыки выживания в дикой природе.\r\n\r\nПродюсер:\r\nEloise Carrow, Дэвид Ньютон, Peter Fraser\r\nРежиссер:\r\nДэвид Ньютон\r\nСценарист:\r\nДэвид Ньютон\r\nОператор:\r\nСтефен Дж. Нельсон\r\nКомпозитор:\r\nБенжамин Тэлботт','2019-02-10','2019-02-10 19:38:39',NULL,'2019-02-19 23:28:49','admin','63-main-thumbs_084.jpeg',1,0,0,0),(64,'Рома','История мексиканской семьи среднего класса, живущей в начале 1970-х годов. Отец редко бывает дома, мать воспитывает четырех детей, опираясь на помощь двух служанок из Индии.\r\n','Год:\r\n2018\r\n\r\nСтрана:\r\nМексика, США\r\n\r\nЖанр:\r\nдрама\r\n\r\nПеревод:\r\nПрофессиональный (многоголосный)\r\n\r\nКачество:\r\nWEBRip\r\n\r\nВремя:\r\n135 мин. / 02:15\r\n\r\nСюжет:\r\nИстория мексиканской семьи среднего класса, живущей в начале 1970-х годов. Отец редко бывает дома, мать воспитывает четырех детей, опираясь на помощь двух служанок из Индии. Судьбу героев переламывают студенческие волнения во время католического праздника 10 июня 1971 года, когда демонстранты были расстреляны солдатами.\r\n\r\nПродюсер:\r\nНиколас Селис, Альфонсо Куарон, Габриела Родригес\r\nРежиссер:\r\nАльфонсо Куарон\r\nСценарист:\r\nАльфонсо Куарон\r\nОператор:\r\nАльфонсо Куарон','2019-02-10','2019-02-10 19:39:00',NULL,'2019-02-19 23:30:37','admin','64-main-thumbs_082.jpeg',0,0,0,0),(65,'Щелкунчик и четыре королевства','Получив необычный подарок на Рождество, юная Клара отправляется в захватывающее путешествие по загадочным местам: Стране Снегов, Стране Цветов и Стране Сладостей. Но девушке нужно попасть и в четвертое королевство...','Год:\r\n2018\r\n\r\nСтрана:\r\nСША\r\n\r\nЖанр:\r\nфэнтези, приключения, семейный\r\n\r\nПеревод:\r\nДублированный [Лицензия]\r\n\r\nКачество:\r\nBDRip\r\n\r\nВремя:\r\n99 мин. / 01:39\r\n\r\nВозраст:\r\n6+\r\n\r\nСюжет:\r\nПолучив необычный подарок на Рождество, юная Клара отправляется в захватывающее путешествие по загадочным местам: Стране Снегов, Стране Цветов и Стране Сладостей. Но девушке нужно попасть и в четвертое королевство, где ей придется столкнуться с целой армией мышей во главе с невероятно опасным Мышиным Королем.\r\n\r\nПродюсер:\r\nЭлисон Бекетт, Ларри Дж. Франко, Линди Гольдштайн\r\nРежиссер:\r\nЛассе Халльстрём, Джо Джонстон\r\nСценарист:\r\nЭшли Пауэлл, Мариус Петипа, Э.Т.А. Гофман\r\nОператор:\r\nЛинус Сандгрен\r\nКомпозитор:\r\nДжеймс Ньютон Ховард','2019-02-10','2019-02-10 19:39:31',NULL,'2019-02-19 23:25:55','admin','65-main-thumbs_0134.jpeg',0,0,0,0),(66,'Сверхъестественное / Первый свет','Однажды ночью Алекс сталкивается с таинственными огнями, появившимися над её маленьким городом. Вскоре она узнаёт, что у неё появились опасные сверхспособности. Не зная, куда податься, девушка обращается за помощью к другу детства Шону. А тем временем вла','Год:\r\n2018\r\n\r\nСтрана:\r\nКанада\r\n\r\nЖанр:\r\nфантастика, триллер, драма\r\n\r\nПеревод:\r\nПрофессиональный (многоголосный)\r\n\r\nКачество:\r\nBDRip\r\n\r\nВремя:\r\n90 мин. / 01:30\r\n\r\nВозраст:\r\n12+\r\n\r\nСюжет:\r\nОднажды ночью Алекс сталкивается с таинственными огнями, появившимися над её маленьким городом. Вскоре она узнаёт, что у неё появились опасные сверхспособности. Не зная, куда податься, девушка обращается за помощью к другу детства Шону. А тем временем власти следуют за ними по пятам, желая выяснить, что случилось с Алекс.\r\n\r\nПродюсер:\r\nМайкл Бэйкер, Крис Фергюсон, Аарон Барнетт\r\nРежиссер:\r\nДжейсон Стоун\r\nСценарист:\r\nДжейсон Стоун, Эндрю С. Эрин\r\nОператор:\r\nДэвид Роберт Джонс','2019-02-10','2019-02-10 19:39:42',NULL,'2019-02-19 23:25:10','admin','66-main-thumbs_080.jpeg',4,0,0,0),(67,'Зимние братья','История двух братьев, работающих на заводе при известняковой шахте, разворачивается на фоне безлюдных индустриальных и лесных пейзажей. Эмиль, аутсайдер и одиночка, сбывает товарищам нелегальный самогон, который делает из украденных с завода химикатов...','Год:\r\n2017\r\n\r\nСтрана:\r\nДания, Исландия\r\n\r\nЖанр:\r\nдрама\r\n\r\nПеревод:\r\nПрофессиональный (многоголосный) [Лицензия]\r\n\r\nКачество:\r\nBDRip\r\n\r\nВремя:\r\n94 мин. / 01:34\r\n\r\nВозраст:\r\n16+\r\n\r\nСюжет:\r\nИстория двух братьев, работающих на заводе при известняковой шахте, разворачивается на фоне безлюдных индустриальных и лесных пейзажей. Эмиль, аутсайдер и одиночка, сбывает товарищам нелегальный самогон, который делает из украденных с завода химикатов. Нереализованная страсть к живущей по соседству девушке Анне провоцирует ссору с его старшим братом Йоханом. Кроме того, именно Эмиль оказывается под подозрением, когда один из рабочих вдруг серьезно заболевает. Вражда, вспыхнувшая между ним и другими рабочими обнажает страх и агрессию, таящиеся внутри благополучного, на первый взгляд, мира. Боль от предательства и непонимания расшатывает и без того нестабильные чувства Эмиля, превращая его существование в яростную борьбу против всех.\r\n\r\nПродюсер:\r\nДжулия Вальтерсдорф Хансен, Хлинюр Палмасон, Пер Дамгор Хансен\r\nРежиссер:\r\nХлинюр Палмасон\r\nСценарист:\r\nХлинюр Палмасон\r\nОператор:\r\nМария фон Хаусвольф\r\nКомпозитор:\r\nТоке Бронсон Один\r\nЗрители:\r\nЗимние братья  3.2 тыс','2019-02-10','2019-02-10 19:42:20',NULL,'2019-02-19 23:24:17','admin','67-main-thumbs_0175.jpeg',8,3,11,3.67),(68,'Хрусталь','90-е годы. Творческая девушка диджей Веля из Минска мечтает уехать в Америку. Из-за ошибки в поддельной справке на визу она оказывается в незнакомой семье небольшого городка...','Год:\r\n2018\r\n\r\nСтрана:\r\nБеларусь, Германия, США, Россия\r\n\r\nЖанр:\r\nдрама, комедия\r\n\r\nПеревод:\r\nОригинал [Лицензия]\r\n\r\nКачество:\r\nWEBRip\r\n\r\nВремя:\r\n100 мин. / 01:40\r\n\r\nВозраст:\r\n16+\r\n\r\nСюжет:\r\n90-е годы. Творческая девушка диджей Веля из Минска мечтает уехать в Америку. Из-за ошибки в поддельной справке на визу она оказывается в незнакомой семье небольшого городка. Пока приютившие ее люди заняты приготовлением к свадьбе, она собирается во что бы то ни стало добиться исполнения своей «хрустальной мечты».\r\n\r\nПродюсер:\r\nБиргит Гоернбок, Ольга Гойстер, Дебби Вандермулен\r\nРежиссер:\r\nДарья Жук\r\nСценарист:\r\nХельга Ландауэр, Дарья Жук\r\nОператор:\r\nКаролина Коста\r\nЗрители:\r\nХрусталь  5.2 тыс','2019-02-10','2019-02-10 19:42:58',NULL,'2019-02-19 23:23:48','admin','68-main-thumbs_049.jpeg',4,1,4,4),(80,'Оверлорд','Накануне высадки союзников в Нормандии два американских десантника проникают в оккупированный немцами посёлок, чтобы разрушить их радиомачту....','Год:\r\n2018\r\n\r\nСтрана:\r\nСША\r\n\r\nЖанр:\r\nужасы, фантастика, боевик, триллер, детектив, военный\r\n\r\nПеревод:\r\nДублированный [Лицензия]\r\n\r\nКачество:\r\nBDRip\r\n\r\nВремя:\r\n109 мин. / 01:49\r\n\r\nВозраст:\r\n16+\r\n\r\nСюжет:\r\nНакануне высадки союзников в Нормандии два американских десантника проникают в оккупированный немцами посёлок, чтобы разрушить их радиомачту. Лазутчикам предстоит столкнуться не только с фашистскими военными, но и с паранормальными последствиями нацистских экспериментов.\r\n\r\nПродюсер:\r\nДжей Джей Абрамс, Линдси Вебер, Джо Берн\r\nРежиссер:\r\nДжулиус Эйвери\r\nСценарист:\r\nБилли Рэй, Марк Л. Смит\r\nОператор:\r\nЛори Роуз, Фабиан Вагнер\r\nКомпозитор:\r\nДжед Курзель\r\nЗрители:\r\nОверлорд  521.4 тыс\r\nБюджет:\r\n$38 000 000','2019-02-20','2019-02-20 00:05:26',NULL,'2019-02-20 00:05:26','admin','80-main-3333.jpeg',3,1,3,3),(81,'Хантер Киллер','Американская атомная подлодка «Хантер Киллер» вместе с подразделением военно-морских сил США вступает в крайне рискованную боевую авантюру по спасению мира от катастрофы...','Год:\r\n2018\r\n\r\nСтрана:\r\nСША\r\n\r\nЖанр:\r\nбоевик, триллер\r\n\r\nПеревод:\r\nДублированный [Лицензия]\r\n\r\nКачество:\r\nBDRip\r\n\r\nВремя:\r\n122 мин. / 02:02\r\n\r\nВозраст:\r\n16+\r\n\r\nСюжет:\r\nАмериканская атомная подлодка «Хантер Киллер» вместе с подразделением военно-морских сил США вступает в крайне рискованную боевую авантюру по спасению мира от катастрофы. Когда время на исходе и каждая минута на счету, элитной команде придется совершить невозможное, чтобы предотвратить конфликт мирового масштаба.\r\n\r\nПродюсер:\r\nДжерард Батлер, Марк Гилл, Тоби Джаффе\r\nРежиссер:\r\nДонован Марш\r\nСценарист:\r\nАрни Шмидт, Джэми Мосс, Джордж Уоллес\r\nОператор:\r\nТом Маре\r\nКомпозитор:\r\nТревор Моррис\r\nЗрители:\r\nХантер Киллер  45.4 тыс','2019-02-20','2019-02-20 00:11:31',NULL,'2019-02-20 00:11:31','admin','81-main-3333333.jpeg',2,1,5,5);
/*!40000 ALTER TABLE `article` ENABLE KEYS */;
UNLOCK TABLES;

--
-- Table structure for table `article_pic`
--

DROP TABLE IF EXISTS `article_pic`;
/*!40101 SET @saved_cs_client     = @@character_set_client */;
/*!40101 SET character_set_client = utf8 */;
CREATE TABLE `article_pic` (
  `id` mediumint(9) NOT NULL AUTO_INCREMENT,
  `articleid` mediumint(9) NOT NULL,
  `imagename` varchar(255) DEFAULT NULL,
  PRIMARY KEY (`id`),
  KEY `articleid` (`articleid`),
  CONSTRAINT `article_pic_ibfk_1` FOREIGN KEY (`articleid`) REFERENCES `article` (`id`) ON DELETE CASCADE
) ENGINE=InnoDB AUTO_INCREMENT=65 DEFAULT CHARSET=utf8;
/*!40101 SET character_set_client = @saved_cs_client */;

--
-- Dumping data for table `article_pic`
--

LOCK TABLES `article_pic` WRITE;
/*!40000 ALTER TABLE `article_pic` DISABLE KEYS */;
INSERT INTO `article_pic` VALUES (53,80,'80-fbox-1541782860_664ec4f487.jpg'),(54,80,'80-fbox-1541782861_55f2fa792a.jpg'),(55,80,'80-fbox-1541782862_0ee18c7a6c.jpg'),(56,80,'80-fbox-1541782862_3f8404ce7e.jpg'),(57,80,'80-fbox-1541782862_6de95bf1da.jpg'),(58,80,'80-fbox-1541782862_db08aa4dc0.jpg'),(59,81,'81-fbox-1544922118_2c8092df1f (1).jpg'),(60,81,'81-fbox-1544922119_15d5a4a540 (1).jpg'),(61,81,'81-fbox-1544922119_bca7126fc6 (1).jpg'),(62,81,'81-fbox-1544922119_ee61e11256 (1).jpg'),(63,81,'81-fbox-1544922120_70d8a85649 (1).jpg'),(64,81,'81-fbox-1544922120_d7a309a300.jpg');
/*!40000 ALTER TABLE `article_pic` ENABLE KEYS */;
UNLOCK TABLES;

--
-- Table structure for table `comments`
--

DROP TABLE IF EXISTS `comments`;
/*!40101 SET @saved_cs_client     = @@character_set_client */;
/*!40101 SET character_set_client = utf8 */;
CREATE TABLE `comments` (
  `id` int(11) NOT NULL AUTO_INCREMENT,
  `text` text,
  `articleid` mediumint(9) NOT NULL,
  `autor` varchar(20) DEFAULT NULL,
  `commentdaytime` datetime DEFAULT NULL,
  PRIMARY KEY (`id`),
  KEY `articleid` (`articleid`),
  CONSTRAINT `comments_ibfk_1` FOREIGN KEY (`articleid`) REFERENCES `article` (`id`) ON DELETE CASCADE
) ENGINE=InnoDB AUTO_INCREMENT=98 DEFAULT CHARSET=utf8;
/*!40101 SET character_set_client = @saved_cs_client */;

--
-- Dumping data for table `comments`
--

LOCK TABLES `comments` WRITE;
/*!40000 ALTER TABLE `comments` DISABLE KEYS */;
INSERT INTO `comments` VALUES (10,'Сверхъестественное / Первый свет --- Чухня',66,'Гость','2019-02-12 14:16:09'),(11,'Классный фильм',61,'Fox','2019-02-12 14:29:45'),(12,'Тестовый комент',49,'Sky_Fox','2019-02-12 14:40:41'),(13,'Текст коментарияxcvm.,n.jv',65,'Гость','2019-02-12 15:09:42'),(14,'Текст коментарияvdsd',65,'Гость','2019-02-12 15:09:46'),(15,'Текст коментарияsdfbgjdf',68,'Гостьfbfbfd','2019-02-12 16:29:58'),(16,'Текст коментарияflfdjgnf',68,'Гостьfgfhh','2019-02-12 16:30:18'),(17,'Текст коментария',68,'Гость','2019-02-12 16:30:19'),(32,'Текст коментария',1,'Гость','2019-02-13 22:51:26'),(33,'Текст коментария',1,'Гость','2019-02-13 22:51:37'),(34,'Текст коментария',2,'Гость','2019-02-13 22:53:52'),(35,'Текст коментария',67,'Гость','2019-02-13 22:56:29'),(37,'Текст коментария',58,'Гость','2019-02-13 23:15:20'),(38,'Текст коментария',58,'Гость','2019-02-13 23:24:35'),(39,'Текст коментария',2,'Гость','2019-02-13 23:39:57'),(40,'Текст коментария',6,'Гость','2019-02-13 23:50:24'),(41,'Текст коментария',6,'Гость','2019-02-13 23:51:17'),(42,'Текст коментария',6,'Гость','2019-02-13 23:51:42'),(43,'Текст коментария',6,'Гость','2019-02-13 23:53:49'),(44,'Текст коментария',6,'Гость','2019-02-13 23:57:09'),(45,'Текст коментария',6,'Гость','2019-02-13 23:57:14'),(46,'Текст коментария',2,'Гость','2019-02-14 00:04:59'),(47,'Текст коментария',2,'Гость','2019-02-14 00:06:29'),(48,'Текст коментария',2,'Гость','2019-02-14 00:07:33'),(49,'Текст коментария',2,'Гость','2019-02-14 00:07:33'),(50,'Текст коментария',6,'Гость','2019-02-14 00:10:42'),(51,'Текст коментария',6,'Гость','2019-02-14 00:11:23'),(52,'Текст коментария',6,'Гость','2019-02-14 00:11:41'),(53,'Текст коментария',6,'Гость','2019-02-14 00:13:13'),(54,'Текст коментария',6,'Гость','2019-02-14 00:15:09'),(55,'Текст коментария',6,'Гость','2019-02-14 00:15:49'),(56,'Текст коментария',4,'Гость','2019-02-14 00:20:08'),(57,'Текст коментария',4,'Гость','2019-02-14 00:24:55'),(58,'Текст коментария',4,'Гость','2019-02-14 00:24:58'),(59,'Текст коментария',4,'Гость','2019-02-14 00:25:00'),(60,'Текст коментария',4,'Гость','2019-02-14 00:25:02'),(61,'Текст коментария',4,'Гость','2019-02-14 00:25:03'),(62,'Текст коментария',4,'Гость','2019-02-14 00:28:59'),(63,'Текст коментария',4,'Гость','2019-02-14 00:32:10'),(64,'Текст коментария',4,'Гость','2019-02-14 00:33:36'),(65,'Текст коментария',4,'Гость','2019-02-14 00:34:56'),(66,'Текст коментария',67,'Гость','2019-02-14 00:36:49'),(67,'dddd',67,'Гость','2019-02-14 00:38:23'),(72,'Текст коментария',35,'admin','2019-02-14 02:33:00'),(73,'Текст коментария',54,'admin','2019-02-14 02:33:16'),(74,'Текст коментария',35,'Гость','2019-02-14 08:50:56'),(75,'dddddd',35,'admin','2019-02-14 08:56:46'),(76,'ssssss',1,'admin','2019-02-14 09:41:10'),(77,'Текст коментария',54,'Гость','2019-02-14 09:49:35'),(84,'Текст коментария',67,'Гость','2019-02-14 13:45:19'),(85,'Текст коментария',58,'Гость','2019-02-14 15:24:01'),(86,'Текст коментария',58,'Гость','2019-02-14 15:24:10'),(87,'Текст коментария',58,'Гость','2019-02-14 15:24:11'),(88,'Текст коментария',58,'Гость','2019-02-14 15:24:11'),(89,'fggfg',35,'rgrgrgg','2019-02-14 16:31:21'),(90,'11111',27,'Гость','2019-02-14 16:34:31'),(92,'Текстgfdgdfgdgfd коментария',35,'Гостьfgdgdfg','2019-02-14 18:55:55'),(93,'Текст коментария33333333333',35,'Гость','2019-02-14 18:57:00'),(94,'Текст коментария',68,'Гость','2019-02-14 18:58:03'),(95,'Текст коментария',68,'Гость','2019-02-14 18:59:03'),(96,'не смотрел',80,'admin','2019-02-20 00:06:14'),(97,'про подводные лодки',81,'admin','2019-02-20 00:18:35');
/*!40000 ALTER TABLE `comments` ENABLE KEYS */;
UNLOCK TABLES;
/*!40103 SET TIME_ZONE=@OLD_TIME_ZONE */;

/*!40101 SET SQL_MODE=@OLD_SQL_MODE */;
/*!40014 SET FOREIGN_KEY_CHECKS=@OLD_FOREIGN_KEY_CHECKS */;
/*!40014 SET UNIQUE_CHECKS=@OLD_UNIQUE_CHECKS */;
/*!40101 SET CHARACTER_SET_CLIENT=@OLD_CHARACTER_SET_CLIENT */;
/*!40101 SET CHARACTER_SET_RESULTS=@OLD_CHARACTER_SET_RESULTS */;
/*!40101 SET COLLATION_CONNECTION=@OLD_COLLATION_CONNECTION */;
/*!40111 SET SQL_NOTES=@OLD_SQL_NOTES */;

-- Dump completed on 2019-02-20  0:20:19
